{
    "ref_points": [
        {
            "start": [
                33.0322580645161,
                16.764516129032472
            ],
            "end": [
                851.5241935483872,
                196.6193548387098
            ]
        },
        {
            "start": [
                950.5967741935483,
                22.86129032258077
            ],
            "end": [
                1505.4032258064517,
                185.95000000000016
            ]
        },
        {
            "start": [
                10.169354838709637,
                138.70000000000005
            ],
            "end": [
                1511.5,
                342.941935483871
            ]
        },
        {
            "start": [
                10.169354838709637,
                397.8129032258065
            ],
            "end": [
                1511.5,
                746.8532258064516
            ]
        }
    ]
}